[
  {
    "url": "./assets/images/apps/homemade/products/cake1.jpg",
    "height": "960",
    "width": "640",
    "caption": "Placeholder"
  },
  {
    "url": "./assets/images/apps/homemade/products/cake2.jpg",
    "height": "960",
    "width": "640",
    "caption": "Placeholder"
  },
  {
    "url": "./assets/images/apps/homemade/products/cake2.jpg",
    "height": "960",
    "width": "640",
    "caption": "Placeholder"
  },
  {
    "url": "./assets/images/apps/homemade/products/cake3.jpg",
    "height": "960",
    "width": "640",
    "caption": "Placeholder"
  },
  {
    "url": "./assets/images/apps/homemade/products/cake4.jpg",
    "height": "960",
    "width": "640",
    "caption": "Placeholder"
  },
  {
    "url": "./assets/images/apps/homemade/products/cake5.jpg",
    "height": "960",
    "width": "640",
    "caption": "Placeholder"
  },
  {
    "url": "./assets/images/apps/homemade/products/cake6.jpg",
    "height": "960",
    "width": "640",
    "caption": "Placeholder"
  },
  {
    "url": "./assets/images/apps/homemade/products/cake7.jpg",
    "height": "960",
    "width": "640",
    "caption": "Placeholder"
  },
  {
    "url": "./assets/images/apps/homemade/products/cake8.jpg",
    "height": "960",
    "width": "640",
    "caption": "Placeholder"
  }
]