[
  {
    "name": "Twilight",
    "image": "assets/images/apps/muvi/twilight.jpg",
    "production": "Red Chillies",
    "description": "The Twilight Saga is a series of five vampire-themed romance fantasy films from Summit Entertainment based on the four novels published by author Stephenie Meyer. The films star Kristen Stewart, Robert Pattinson and Taylor Lautner.",
    "director": "Catherine Hardwick",
    "writer": "Chris Weitz",
    "ratings": 4.2,
    "cast": [
      "assets/images/apps/muvi/cast_1.jpg",
      "assets/images/apps/muvi/cast_2.jpg",
      "assets/images/apps/muvi/cast_3.jpg",
      "assets/images/apps/muvi/cast_4.jpg",
      "assets/images/apps/muvi/cast_5.jpg"
    ]
  },
  {
    "name": "Avatar",
    "image": "assets/images/apps/muvi/avatar.jpg",
    "production": "R H Films",
    "description": "Jake, who is paraplegic, replaces his twin on the Na'vi inhabited Pandora for a corporate mission. After the natives accept him as one of their own, he must decide where his loyalties lie.",
    "director": "James Cameron",
    "writer": "Jon Landau",
    "ratings": 5,
    "cast": [
      "assets/images/apps/muvi/cast_6.jpg",
      "assets/images/apps/muvi/cast_7.jpg",
      "assets/images/apps/muvi/cast_8.jpg",
      "assets/images/apps/muvi/cast_3.jpg",
      "assets/images/apps/muvi/cast_10.jpg"
    ]
  },
  {
    "name": "Avengers Endgame",
    "image": "assets/images/apps/muvi/endgame.jpg",
    "production": "Marvel Production",
    "description": "After Thanos, an intergalactic warlord, disintegrates half of the universe, the Avengers must reunite and assemble again to reinvigorate their trounced allies and restore balance.",
    "director": "Anthony Russo",
    "writer": "Joe Russo",
    "ratings": 5,
    "cast": [
      "assets/images/apps/muvi/cast_1.jpg",
      "assets/images/apps/muvi/cast_2.jpg",
      "assets/images/apps/muvi/cast_3.jpg",
      "assets/images/apps/muvi/cast_4.jpg",
      "assets/images/apps/muvi/cast_5.jpg"
    ]
  },
  {
    "name": "Frozen",
    "image": "assets/images/apps/muvi/frozen.jpeg",
    "production": "Marvel Production",
    "description": "Frozen is a 2013 American computer-animated musical fantasy film produced by Walt Disney Animation Studios and released by Walt Disney Pictures.",
    "director": "Chris Buck",
    "writer": "Jennifer Lee",
    "ratings": 4.5,
    "cast": [
      "assets/images/apps/muvi/cast_6.jpg",
      "assets/images/apps/muvi/cast_7.jpg",
      "assets/images/apps/muvi/cast_8.jpg",
      "assets/images/apps/muvi/cast_3.jpg",
      "assets/images/apps/muvi/cast_10.jpg"
    ]
  },
  {
    "name": "Harry Potter",
    "image": "assets/images/apps/muvi/harry_potter.jpg",
    "production": "Warner Bros",
    "description": "Harry Potter is a film series based on the eponymous novels by J. K. Rowling. The series is distributed by Warner Bros.",
    "director": "David Heyman",
    "writer": "Chris Columbus",
    "ratings": 4.4,
    "cast": [
      "assets/images/apps/muvi/cast_1.jpg",
      "assets/images/apps/muvi/cast_2.jpg",
      "assets/images/apps/muvi/cast_3.jpg",
      "assets/images/apps/muvi/cast_4.jpg",
      "assets/images/apps/muvi/cast_5.jpg"
    ]
  },
  {
    "name": "Iron Man",
    "image": "assets/images/apps/muvi/iron_man.jpeg",
    "production": "Marvel Studio",
    "description": "When Tony Stark, an industrialist, is captured, he constructs a high-tech armoured suit to escape. Once he manages to escape, he decides to use his suit to fight against evil forces to save the world.",
    "director": "Jon Favreau",
    "writer": "Ramin Djawadi",
    "ratings": 4.3,
    "cast": [
      "assets/images/apps/muvi/cast_6.jpg",
      "assets/images/apps/muvi/cast_7.jpg",
      "assets/images/apps/muvi/cast_8.jpg",
      "assets/images/apps/muvi/cast_3.jpg",
      "assets/images/apps/muvi/cast_10.jpg"
    ]
  },
  {
    "name": "Titanic",
    "image": "assets/images/apps/muvi/titanic.jpg",
    "production": "Paramount Pictures",
    "description": "Seventeen-year-old Rose hails from an aristocratic family and is set to be married. When she boards the Titanic, she meets Jack Dawson, an artist, and falls in love with him.",
    "director": "James Cameron",
    "writer": "Jon Landau",
    "ratings": 4.4,
    "cast": [
      "assets/images/apps/muvi/cast_1.jpg",
      "assets/images/apps/muvi/cast_2.jpg",
      "assets/images/apps/muvi/cast_3.jpg",
      "assets/images/apps/muvi/cast_4.jpg",
      "assets/images/apps/muvi/cast_5.jpg"
    ]
  },
  {
    "name": "Lord of the Rings",
    "image": "assets/images/apps/muvi/lor.jpg",
    "production": "New Line Cinema",
    "description": "The Lord of the Rings is a series of three epic fantasy adventure films directed by Peter Jackson, based on the novel written by J. R. R. Tolkien.",
    "director": "Peter Jackson",
    "writer": "Barrie M. Osborne",
    "ratings": 4.0,
    "cast": [
      "assets/images/apps/muvi/cast_6.jpg",
      "assets/images/apps/muvi/cast_7.jpg",
      "assets/images/apps/muvi/cast_8.jpg",
      "assets/images/apps/muvi/cast_3.jpg",
      "assets/images/apps/muvi/cast_10.jpg"
    ]
  },
  {
    "name": "Transformers",
    "image": "assets/images/apps/muvi/transformers.jpg",
    "production": "Hasbro Films",
    "description": "Transformers is a series of American science fiction action films based on the Transformers franchise which began in the 1980s.",
    "director": "Travis Knight",
    "writer": "Steven Caple Jr",
    "ratings": 4.0,
    "cast": [
      "assets/images/apps/muvi/cast_1.jpg",
      "assets/images/apps/muvi/cast_2.jpg",
      "assets/images/apps/muvi/cast_3.jpg",
      "assets/images/apps/muvi/cast_4.jpg",
      "assets/images/apps/muvi/cast_5.jpg"
    ]
  }
]
